<?xml version="1.0" encoding="UTF-8"?>
<FlexiPage xmlns="http://soap.sforce.com/2006/04/metadata">
    <flexiPageRegions>
        <componentInstances>
            <componentName>c:productFilter</componentName>
        </componentInstances>
        <name>left</name>
        <type>Region</type>
    </flexiPageRegions>
    <flexiPageRegions>
        <componentInstances>
            <componentName>c:productTileList</componentName>
        </componentInstances>
        <name>center</name>
        <type>Region</type>
    </flexiPageRegions>
    <flexiPageRegions>
        <componentInstances>
            <componentName>c:productCard</componentName>
        </componentInstances>
        <name>right</name>
        <type>Region</type>
    </flexiPageRegions>
    <masterLabel>Product Explorer</masterLabel>
    <template>
        <name>pageTemplate_2_7_3</name>
    </template>
    <type>AppPage</type>
</FlexiPage>
