{
    "records": [
        {
            "attributes": {
                "type": "Product__c",
                "referenceId": "Product__cRef1"
            },
            "Name": "FUSE X1",
            "Product_Family__c": "@FuseRef",
            "Description__c": "Lorem ipsum dolor sit amet, consectetur adipiscing elit, sed do eiusmod tempor incididunt ut labore et dolore magna aliqua. Ut enim ad minim veniam, quis nostrud exercitation ullamco laboris nisi ut aliquip ex ea commodo consequat.",
            "MSRP__c": 2500,
            "Level__c": "Beginner",
            "Category__c": "Commuter",
            "Material__c": "Aluminum",
            "Picture_URL__c": "blacksedan.png"
        },
        {
            "attributes": {
                "type": "Product__c",
                "referenceId": "Product__cRef2"
            },
            "Name": "FUSE X2",
            "Product_Family__c": "@FuseRef",
            "Description__c": "Lorem ipsum dolor sit amet, consectetur adipiscing elit, sed do eiusmod tempor incididunt ut labore et dolore magna aliqua. Ut enim ad minim veniam, quis nostrud exercitation ullamco laboris nisi ut aliquip ex ea commodo consequat.",
            "MSRP__c": 2600,
            "Level__c": "Beginner",
            "Category__c": "Commuter",
            "Material__c": "Aluminum",
            "Picture_URL__c": "bluehatchback.png"
        },
        {
            "attributes": {
                "type": "Product__c",
                "referenceId": "Product__cRef3"
            },
            "Name": "FUSE X3",
            "Product_Family__c": "@FuseRef",
            "Description__c": "Lorem ipsum dolor sit amet, consectetur adipiscing elit, sed do eiusmod tempor incididunt ut labore et dolore magna aliqua. Ut enim ad minim veniam, quis nostrud exercitation ullamco laboris nisi ut aliquip ex ea commodo consequat.",
            "MSRP__c": 2700,
            "Level__c": "Beginner",
            "Category__c": "Commuter",
            "Material__c": "Aluminum",
            "Picture_URL__c": "bluesedan.png"
        },
        {
            "attributes": {
                "type": "Product__c",
                "referenceId": "Product__cRef4"
            },
            "Name": "FUSE X4",
            "Product_Family__c": "@FuseRef",
            "Description__c": "Lorem ipsum dolor sit amet, consectetur adipiscing elit, sed do eiusmod tempor incididunt ut labore et dolore magna aliqua. Ut enim ad minim veniam, quis nostrud exercitation ullamco laboris nisi ut aliquip ex ea commodo consequat.",
            "MSRP__c": 2800,
            "Level__c": "Beginner",
            "Category__c": "Commuter",
            "Material__c": "Aluminum",
            "Picture_URL__c": "bluesuv.png"
        },
        {
            "attributes": {
                "type": "Product__c",
                "referenceId": "Product__cRef5"
            },
            "Name": "DYNAMO X1",
            "Product_Family__c": "@DynamoRef",
            "Description__c": "Lorem ipsum dolor sit amet, consectetur adipiscing elit, sed do eiusmod tempor incididunt ut labore et dolore magna aliqua. Ut enim ad minim veniam, quis nostrud exercitation ullamco laboris nisi ut aliquip ex ea commodo consequat.",
            "MSRP__c": 7000,
            "Level__c": "Racer",
            "Category__c": "Mountain",
            "Material__c": "Carbon",
            "Picture_URL__c": "greenhatchback.png"
        },
        {
            "attributes": {
                "type": "Product__c",
                "referenceId": "Product__cRef6"
            },
            "Name": "DYNAMO X2",
            "Product_Family__c": "@DynamoRef",
            "Description__c": "Lorem ipsum dolor sit amet, consectetur adipiscing elit, sed do eiusmod tempor incididunt ut labore et dolore magna aliqua. Ut enim ad minim veniam, quis nostrud exercitation ullamco laboris nisi ut aliquip ex ea commodo consequat.",
            "MSRP__c": 7200,
            "Level__c": "Racer",
            "Category__c": "Mountain",
            "Material__c": "Carbon",
            "Picture_URL__c": "greensuv.png"
        },
        {
            "attributes": {
                "type": "Product__c",
                "referenceId": "Product__cRef7"
            },
            "Name": "DYNAMO X3",
            "Product_Family__c": "@DynamoRef",
            "Description__c": "Lorem ipsum dolor sit amet, consectetur adipiscing elit, sed do eiusmod tempor incididunt ut labore et dolore magna aliqua. Ut enim ad minim veniam, quis nostrud exercitation ullamco laboris nisi ut aliquip ex ea commodo consequat.",
            "MSRP__c": 7400,
            "Level__c": "Racer",
            "Category__c": "Mountain",
            "Material__c": "Carbon",
            "Picture_URL__c": "redsedan.png"
        },
        {
            "attributes": {
                "type": "Product__c",
                "referenceId": "Product__cRef8"
            },
            "Name": "DYNAMO X4",
            "Product_Family__c": "@DynamoRef",
            "Description__c": "Lorem ipsum dolor sit amet, consectetur adipiscing elit, sed do eiusmod tempor incididunt ut labore et dolore magna aliqua. Ut enim ad minim veniam, quis nostrud exercitation ullamco laboris nisi ut aliquip ex ea commodo consequat.",
            "MSRP__c": 7800,
            "Level__c": "Racer",
            "Category__c": "Mountain",
            "Material__c": "Carbon",
            "Picture_URL__c": "redsuv.png"
        },
        {
            "attributes": {
                "type": "Product__c",
                "referenceId": "Product__cRef9"
            },
            "Name": "ELECTRA X1",
            "Product_Family__c": "@ElectraRef",
            "Description__c": "Lorem ipsum dolor sit amet, consectetur adipiscing elit, sed do eiusmod tempor incididunt ut labore et dolore magna aliqua. Ut enim ad minim veniam, quis nostrud exercitation ullamco laboris nisi ut aliquip ex ea commodo consequat.",
            "MSRP__c": 4000,
            "Level__c": "Enthusiast",
            "Category__c": "Mountain",
            "Material__c": "Aluminum",
            "Picture_URL__c": "silverhatchback.png"
        },
        {
            "attributes": {
                "type": "Product__c",
                "referenceId": "Product__cRef10"
            },
            "Name": "ELECTRA X2",
            "Product_Family__c": "@ElectraRef",
            "Description__c": "Lorem ipsum dolor sit amet, consectetur adipiscing elit, sed do eiusmod tempor incididunt ut labore et dolore magna aliqua. Ut enim ad minim veniam, quis nostrud exercitation ullamco laboris nisi ut aliquip ex ea commodo consequat.",
            "MSRP__c": 4300,
            "Level__c": "Enthusiast",
            "Category__c": "Mountain",
            "Material__c": "Aluminum",
            "Picture_URL__c": "taupesuv.png"
        },
        {
            "attributes": {
                "type": "Product__c",
                "referenceId": "Product__cRef11"
            },
            "Name": "ELECTRA X3",
            "Product_Family__c": "@ElectraRef",
            "Description__c": "Lorem ipsum dolor sit amet, consectetur adipiscing elit, sed do eiusmod tempor incididunt ut labore et dolore magna aliqua. Ut enim ad minim veniam, quis nostrud exercitation ullamco laboris nisi ut aliquip ex ea commodo consequat.",
            "MSRP__c": 4600,
            "Level__c": "Enthusiast",
            "Category__c": "Mountain",
            "Material__c": "Aluminum",
            "Picture_URL__c": "whitehatchback.png"
        },
        {
            "attributes": {
                "type": "Product__c",
                "referenceId": "Product__cRef12"
            },
            "Name": "ELECTRA X4",
            "Product_Family__c": "@ElectraRef",
            "Description__c": "Lorem ipsum dolor sit amet, consectetur adipiscing elit, sed do eiusmod tempor incididunt ut labore et dolore magna aliqua. Ut enim ad minim veniam, quis nostrud exercitation ullamco laboris nisi ut aliquip ex ea commodo consequat.",
            "MSRP__c": 4900,
            "Level__c": "Enthusiast",
            "Category__c": "Mountain",
            "Material__c": "Aluminum",
            "Picture_URL__c": "whitesedan.png"
        },
        {
            "attributes": {
                "type": "Product__c",
                "referenceId": "Product__cRef13"
            },
            "Name": "VOLT X1",
            "Product_Family__c": "@VoltRef",
            "Description__c": "Lorem ipsum dolor sit amet, consectetur adipiscing elit, sed do eiusmod tempor incididunt ut labore et dolore magna aliqua. Ut enim ad minim veniam, quis nostrud exercitation ullamco laboris nisi ut aliquip ex ea commodo consequat.",
            "MSRP__c": 1200,
            "Level__c": "Beginner",
            "Category__c": "Commuter",
            "Material__c": "Aluminum",
            "Picture_URL__c": "whitesedan.png"
        },
        {
            "attributes": {
                "type": "Product__c",
                "referenceId": "Product__cRef14"
            },
            "Name": "VOLT X2",
            "Product_Family__c": "@VoltRef",
            "Description__c": "Lorem ipsum dolor sit amet, consectetur adipiscing elit, sed do eiusmod tempor incididunt ut labore et dolore magna aliqua. Ut enim ad minim veniam, quis nostrud exercitation ullamco laboris nisi ut aliquip ex ea commodo consequat.",
            "MSRP__c": 1400,
            "Level__c": "Beginner",
            "Category__c": "Commuter",
            "Material__c": "Aluminum",
            "Picture_URL__c": "whitesedan.png"
        },
        {
            "attributes": {
                "type": "Product__c",
                "referenceId": "Product__cRef15"
            },
            "Name": "VOLT X3",
            "Product_Family__c": "@VoltRef",
            "Description__c": "Lorem ipsum dolor sit amet, consectetur adipiscing elit, sed do eiusmod tempor incididunt ut labore et dolore magna aliqua. Ut enim ad minim veniam, quis nostrud exercitation ullamco laboris nisi ut aliquip ex ea commodo consequat.",
            "MSRP__c": 1800,
            "Level__c": "Beginner",
            "Category__c": "Commuter",
            "Material__c": "Aluminum",
            "Picture_URL__c": "whitesedan.png"
        },
        {
            "attributes": {
                "type": "Product__c",
                "referenceId": "Product__cRef16"
            },
            "Name": "VOLT X4",
            "Product_Family__c": "@VoltRef",
            "Description__c": "Lorem ipsum dolor sit amet, consectetur adipiscing elit, sed do eiusmod tempor incididunt ut labore et dolore magna aliqua. Ut enim ad minim veniam, quis nostrud exercitation ullamco laboris nisi ut aliquip ex ea commodo consequat.",
            "MSRP__c": 1900,
            "Level__c": "Beginner",
            "Category__c": "Commuter",
            "Material__c": "Aluminum",
            "Picture_URL__c": "whitesedan.png"
        }
    ]
}
